{"cameraMode":{"drawMode":0,"name":"Shaded","section":"Shading Mode"},"sceneLighting":true,"audioPlay":false,"sceneViewState":{"showFog":true,"showMaterialUpdate":false,"showSkybox":false,"showFlares":true,"showImageEffects":true,"showParticleSystems":true},"in2DMode":false,"pivot":{"x":0.09511327743530274,"y":1.6458584070205689,"z":0.4441251754760742},"rotation":{"x":0.022986944764852525,"y":0.04565589874982834,"z":0.0008214575354941189,"w":-0.9988307952880859},"size":9.195680618286133,"orthographic":false}