{"cameraMode":{"drawMode":0,"name":"Shaded","section":"Shading Mode"},"sceneLighting":true,"audioPlay":false,"sceneViewState":{"showFog":true,"showMaterialUpdate":false,"showSkybox":true,"showFlares":true,"showImageEffects":true,"showParticleSystems":true},"in2DMode":false,"pivot":{"x":435.2019348144531,"y":36.3216438293457,"z":424.8545227050781},"rotation":{"x":-0.025540437549352647,"y":-0.9665848016738892,"z":0.10657349228858948,"w":-0.2318253219127655},"size":125.87064361572266,"orthographic":false}